{"cameraMode":{"drawMode":0,"name":"Shaded","section":"Shading Mode"},"sceneLighting":false,"audioPlay":false,"sceneViewState":{"m_AlwaysRefresh":false,"showFog":true,"showSkybox":true,"showFlares":true,"showImageEffects":true,"showParticleSystems":true,"showVisualEffectGraphs":true,"m_FxEnabled":true},"in2DMode":false,"pivot":{"x":1.63823401927948,"y":0.7075681090354919,"z":3.6871931552886965},"rotation":{"x":0.19306108355522157,"y":-0.47307318449020388,"z":0.10707946866750717,"w":0.852935254573822},"size":0.13131007552146913,"orthographic":false}