{"cameraMode":{"drawMode":0,"name":"Shaded","section":"Shading Mode"},"sceneLighting":true,"audioPlay":false,"sceneViewState":{"m_AlwaysRefresh":false,"showFog":true,"showSkybox":true,"showFlares":true,"showImageEffects":true,"showParticleSystems":true,"showVisualEffectGraphs":true,"m_FxEnabled":true},"in2DMode":false,"pivot":{"x":0.43480271100997927,"y":-0.15253129601478578,"z":-4.634069442749023},"rotation":{"x":0.07175759226083756,"y":-0.07055754214525223,"z":0.005088941194117069,"w":0.9949105381965637},"size":1.8734300136566163,"orthographic":false}