{"cameraMode":{"drawMode":0,"name":"Shaded","section":"Shading Mode"},"sceneLighting":false,"audioPlay":false,"sceneViewState":{"m_AlwaysRefresh":false,"showFog":true,"showSkybox":true,"showFlares":true,"showImageEffects":true,"showParticleSystems":true,"showVisualEffectGraphs":true,"m_FxEnabled":true},"in2DMode":false,"pivot":{"x":2.016965866088867,"y":1.4557907581329346,"z":2.330840587615967},"rotation":{"x":0.25888827443122866,"y":-0.26909109950065615,"z":0.07534214854240418,"w":0.9246402382850647},"size":0.02256293036043644,"orthographic":false}