{"cameraMode":{"drawMode":0,"name":"Shaded","section":"Shading Mode"},"sceneLighting":true,"audioPlay":false,"sceneViewState":{"m_AlwaysRefresh":false,"showFog":true,"showSkybox":true,"showFlares":true,"showImageEffects":true,"showParticleSystems":true,"showVisualEffectGraphs":true,"m_FxEnabled":true},"in2DMode":false,"pivot":{"x":0.8689170479774475,"y":2.1885805130004885,"z":-3.9147212505340578},"rotation":{"x":0.03656773269176483,"y":-0.03596965968608856,"z":0.001327717793174088,"w":0.9987146854400635},"size":4.437515735626221,"orthographic":true}